{
    "rmse": 995176.0714804674,
    "mae": 223568.02040003467,
    "r2": 0.02889741883776875
}